{"result":1,"total":1,"records":1478,"thead":["省份","流域","断面名称","监测时间","水质类别","水温\u003cbr/\u003e\u003cspan class=\u0027unit\u0027\u003e(℃)\u003c/span\u003e","pH\u003cbr/\u003e\u003cspan class=\u0027unit\u0027\u003e(无量纲)\u003c/span\u003e","溶解氧\u003cbr/\u003e\u003cspan class=\u0027unit\u0027\u003e(mg/L)\u003c/span\u003e","电导率\u003cbr/\u003e\u003cspan class=\u0027unit\u0027\u003e(μS/cm)\u003c/span\u003e","浊度\u003cbr/\u003e\u003cspan class=\u0027unit\u0027\u003e(NTU)\u003c/span\u003e","高锰酸盐指数\u003cbr/\u003e\u003cspan class=\u0027unit\u0027\u003e(mg/L)\u003c/span\u003e","氨氮\u003cbr/\u003e\u003cspan class=\u0027unit\u0027\u003e(mg/L)\u003c/span\u003e","总磷\u003cbr/\u003e\u003cspan class=\u0027unit\u0027\u003e(mg/L)\u003c/span\u003e","总氮\u003cbr/\u003e\u003cspan class=\u0027unit\u0027\u003e(mg/L)\u003c/span\u003e","叶绿素α\u003cbr/\u003e\u003cspan class=\u0027unit\u0027\u003e(mg/L)\u003c/span\u003e","藻密度\u003cbr/\u003e\u003cspan class=\u0027unit\u0027\u003e(cells/L)\u003c/span\u003e"],"tbody":[["江苏省","太湖流域","拖山","03-20 00:00","3","\u003cspan title=\u0027原始值：13.33\u0027\u003e13.3\u003c/span\u003e","\u003cspan title=\u0027原始值：8.388\u0027\u003e8.39\u003c/span\u003e","\u003cspan title=\u0027原始值：10.881\u0027\u003e10.88\u003c/span\u003e","\u003cspan title=\u0027原始值：504.99\u0027\u003e505.0\u003c/span\u003e","\u003cspan title=\u0027原始值：14.77\u0027\u003e14.8\u003c/span\u003e","\u003cspan title=\u0027原始值：2.34\u0027\u003e2.34\u003c/span\u003e","\u003cspan title=\u0027原始值：0.015\u0027\u003e0.015\u003c/span\u003e","\u003cspan title=\u0027原始值：0.034\u0027\u003e0.034\u003c/span\u003e","\u003cspan title=\u0027原始值：1.853\u0027\u003e1.85\u003c/span\u003e","\u003cspan title=\u0027原始值：0.00682\u0027\u003e0.007\u003c/span\u003e","\u003cspan title=\u0027原始值：1194269\u0027\u003e1194269\u003c/span\u003e"],["江苏省","太湖流域","五里湖心","03-20 00:00","3","\u003cspan title=\u0027原始值：13.67\u0027\u003e13.7\u003c/span\u003e","\u003cspan title=\u0027原始值：8.16\u0027\u003e8.16\u003c/span\u003e","\u003cspan title=\u0027原始值：11.311\u0027\u003e11.31\u003c/span\u003e","\u003cspan title=\u0027原始值：457.18\u0027\u003e457.2\u003c/span\u003e","\u003cspan title=\u0027原始值：75.22781\u0027\u003e75.2\u003c/span\u003e","\u003cspan title=\u0027原始值：2.25\u0027\u003e2.25\u003c/span\u003e","--","\u003cspan title=\u0027原始值：0.0339\u0027\u003e0.034\u003c/span\u003e","\u003cspan title=\u0027原始值：0.331\u0027\u003e0.33\u003c/span\u003e","\u003cspan title=\u0027原始值：0.00891\u0027\u003e0.009\u003c/span\u003e","\u003cspan title=\u0027原始值：2244095\u0027\u003e2244095\u003c/span\u003e"],["江苏省","太湖流域","乌龟山南","03-20 00:00","3","\u003cspan title=\u0027原始值：13.44\u0027\u003e13.4\u003c/span\u003e","\u003cspan title=\u0027原始值：8.212\u0027\u003e8.21\u003c/span\u003e","\u003cspan title=\u0027原始值：10.794\u0027\u003e10.79\u003c/span\u003e","\u003cspan title=\u0027原始值：501.705\u0027\u003e501.7\u003c/span\u003e","\u003cspan title=\u0027原始值：20.825\u0027\u003e20.8\u003c/span\u003e","\u003cspan title=\u0027原始值：2.01\u0027\u003e2.01\u003c/span\u003e","\u003cspan title=\u0027原始值：0.0396\u0027\u003e0.040\u003c/span\u003e","\u003cspan title=\u0027原始值：0.036\u0027\u003e0.036\u003c/span\u003e","\u003cspan title=\u0027原始值：1.829\u0027\u003e1.83\u003c/span\u003e","\u003cspan title=\u0027原始值：0.00129\u0027\u003e0.001\u003c/span\u003e","\u003cspan title=\u0027原始值：931361.7\u0027\u003e931362\u003c/span\u003e"],["安徽省","巢湖流域","黄麓","03-20 00:00","3","\u003cspan title=\u0027原始值：12.11\u0027\u003e12.1\u003c/span\u003e","\u003cspan title=\u0027原始值：8.241\u0027\u003e8.24\u003c/span\u003e","\u003cspan title=\u0027原始值：10.754\u0027\u003e10.75\u003c/span\u003e","\u003cspan title=\u0027原始值：410.78\u0027\u003e410.8\u003c/span\u003e","\u003cspan title=\u0027原始值：21.634\u0027\u003e21.6\u003c/span\u003e","\u003cspan title=\u0027原始值：2.847\u0027\u003e2.85\u003c/span\u003e","--","\u003cspan title=\u0027原始值：0.0252\u0027\u003e0.025\u003c/span\u003e","\u003cspan title=\u0027原始值：1.06\u0027\u003e1.06\u003c/span\u003e","\u003cspan title=\u0027原始值：0.00699\u0027\u003e0.007\u003c/span\u003e","\u003cspan title=\u0027原始值：942669.2\u0027\u003e942669\u003c/span\u003e"],["安徽省","巢湖流域","靠近大坝","03-20 00:00","2","\u003cspan title=\u0027原始值：12.21\u0027\u003e12.2\u003c/span\u003e","\u003cspan title=\u0027原始值：7.77\u0027\u003e7.77\u003c/span\u003e","\u003cspan title=\u0027原始值：9.5534\u0027\u003e9.55\u003c/span\u003e","\u003cspan title=\u0027原始值：146.56\u0027\u003e146.6\u003c/span\u003e","\u003cspan title=\u0027原始值：5.49\u0027\u003e5.5\u003c/span\u003e","\u003cspan title=\u0027原始值：1.662\u0027\u003e1.66\u003c/span\u003e","\u003cspan title=\u0027原始值：0.0354\u0027\u003e0.035\u003c/span\u003e","\u003cspan title=\u0027原始值：0.0102\u0027\u003e0.010\u003c/span\u003e","\u003cspan title=\u0027原始值：0.915\u0027\u003e0.92\u003c/span\u003e","\u003cspan title=\u0027原始值：0.00643\u0027\u003e0.006\u003c/span\u003e","\u003cspan title=\u0027原始值：73928.51\u0027\u003e73929\u003c/span\u003e"],["安徽省","巢湖流域","新河入湖区","03-20 00:00","4","\u003cspan title=\u0027原始值：12.11\u0027\u003e12.1\u003c/span\u003e","\u003cspan title=\u0027原始值：7.003\u0027\u003e7.00\u003c/span\u003e","\u003cspan title=\u0027原始值：8.737\u0027\u003e8.74\u003c/span\u003e","\u003cspan title=\u0027原始值：269.12\u0027\u003e269.1\u003c/span\u003e","\u003cspan title=\u0027原始值：22.02\u0027\u003e22.0\u003c/span\u003e","\u003cspan title=\u0027原始值：3.664\u0027\u003e3.66\u003c/span\u003e","\u003cspan title=\u0027原始值：0.2225\u0027\u003e0.222\u003c/span\u003e","\u003cspan title=\u0027原始值：0.0576\u0027\u003e0.058\u003c/span\u003e","\u003cspan title=\u0027原始值：2.745\u0027\u003e2.74\u003c/span\u003e","\u003cspan title=\u0027原始值：0.0033\u0027\u003e0.003\u003c/span\u003e","\u003cspan title=\u0027原始值：8228404\u0027\u003e8228404\u003c/span\u003e"],["安徽省","巢湖流域","龟山","03-20 00:00","3","\u003cspan title=\u0027原始值：12.55\u0027\u003e12.6\u003c/span\u003e","\u003cspan title=\u0027原始值：7.621\u0027\u003e7.62\u003c/span\u003e","\u003cspan title=\u0027原始值：10.153\u0027\u003e10.15\u003c/span\u003e","\u003cspan title=\u0027原始值：410.97\u0027\u003e411.0\u003c/span\u003e","\u003cspan title=\u0027原始值：22.62\u0027\u003e22.6\u003c/span\u003e","\u003cspan title=\u0027原始值：2.477\u0027\u003e2.48\u003c/span\u003e","\u003cspan title=\u0027原始值：0.02\u0027\u003e0.020\u003c/span\u003e","\u003cspan title=\u0027原始值：0.0331\u0027\u003e0.033\u003c/span\u003e","\u003cspan title=\u0027原始值：1.256\u0027\u003e1.26\u003c/span\u003e","\u003cspan title=\u0027原始值：0.00487\u0027\u003e0.005\u003c/span\u003e","\u003cspan title=\u0027原始值：586454\u0027\u003e586454\u003c/span\u003e"],["安徽省","巢湖流域","兆河入湖区","03-20 00:00","3","\u003cspan title=\u0027原始值：12.05\u0027\u003e12.0\u003c/span\u003e","\u003cspan title=\u0027原始值：8.13\u0027\u003e8.13\u003c/span\u003e","\u003cspan title=\u0027原始值：10.45\u0027\u003e10.45\u003c/span\u003e","\u003cspan title=\u0027原始值：427.29\u0027\u003e427.3\u003c/span\u003e","\u003cspan title=\u0027原始值：37.23\u0027\u003e37.2\u003c/span\u003e","\u003cspan title=\u0027原始值：2.736\u0027\u003e2.74\u003c/span\u003e","--","\u003cspan title=\u0027原始值：0.0347\u0027\u003e0.035\u003c/span\u003e","\u003cspan title=\u0027原始值：1.295\u0027\u003e1.30\u003c/span\u003e","\u003cspan title=\u0027原始值：0.01119\u0027\u003e0.011\u003c/span\u003e","\u003cspan title=\u0027原始值：1529016\u0027\u003e1529016\u003c/span\u003e"],["安徽省","淮河流域","焦岗湖","03-20 00:00","4","\u003cspan title=\u0027原始值：13.07\u0027\u003e13.1\u003c/span\u003e","\u003cspan title=\u0027原始值：8.072\u0027\u003e8.07\u003c/span\u003e","\u003cspan title=\u0027原始值：11.194\u0027\u003e11.19\u003c/span\u003e","\u003cspan title=\u0027原始值：798.9\u0027\u003e798.9\u003c/span\u003e","\u003cspan title=\u0027原始值：78.29\u0027\u003e78.3\u003c/span\u003e","\u003cspan title=\u0027原始值：6.097\u0027\u003e6.10\u003c/span\u003e","\u003cspan title=\u0027原始值：0.0071\u0027\u003e0.007\u003c/span\u003e","\u003cspan title=\u0027原始值：0.0237\u0027\u003e0.024\u003c/span\u003e","\u003cspan title=\u0027原始值：0.826\u0027\u003e0.83\u003c/span\u003e","\u003cspan title=\u0027原始值：0.02848\u0027\u003e0.028\u003c/span\u003e","\u003cspan 