{"result":1,"total":1,"records":1469,"thead":["省份","流域","断面名称","监测时间","水质类别","水温\u003cbr/\u003e\u003cspan class=\u0027unit\u0027\u003e(℃)\u003c/span\u003e","pH\u003cbr/\u003e\u003cspan class=\u0027unit\u0027\u003e(无量纲)\u003c/span\u003e","溶解氧\u003cbr/\u003e\u003cspan class=\u0027unit\u0027\u003e(mg/L)\u003c/span\u003e","电导率\u003cbr/\u003e\u003cspan class=\u0027unit\u0027\u003e(μS/cm)\u003c/span\u003e","浊度\u003cbr/\u003e\u003cspan class=\u0027unit\u0027\u003e(NTU)\u003c/span\u003e","高锰酸盐指数\u003cbr/\u003e\u003cspan class=\u0027unit\u0027\u003e(mg/L)\u003c/span\u003e","氨氮\u003cbr/\u003e\u003cspan class=\u0027unit\u0027\u003e(mg/L)\u003c/span\u003e","总磷\u003cbr/\u003e\u003cspan class=\u0027unit\u0027\u003e(mg/L)\u003c/span\u003e","总氮\u003cbr/\u003e\u003cspan class=\u0027unit\u0027\u003e(mg/L)\u003c/span\u003e","叶绿素α\u003cbr/\u003e\u003cspan class=\u0027unit\u0027\u003e(mg/L)\u003c/span\u003e","藻密度\u003cbr/\u003e\u003cspan class=\u0027unit\u0027\u003e(cells/L)\u003c/span\u003e"],"tbody":[["上海市","太湖流域","三甲港","03-17 00:00","-1","--","--","--","--","--","--","--","--","--","--","--"],["江苏省","太湖流域","兰山嘴","03-17 00:00","4","\u003cspan title=\u0027原始值：13.04\u0027\u003e13.0\u003c/span\u003e","\u003cspan title=\u0027原始值：8.225\u0027\u003e8.22\u003c/span\u003e","\u003cspan title=\u0027原始值：10.198\u0027\u003e10.20\u003c/span\u003e","\u003cspan title=\u0027原始值：450.758\u0027\u003e450.8\u003c/span\u003e","\u003cspan title=\u0027原始值：148.12\u0027\u003e148.1\u003c/span\u003e","\u003cspan title=\u0027原始值：2.945\u0027\u003e2.94\u003c/span\u003e","--","\u003cspan title=\u0027原始值：0.0996\u0027\u003e0.100\u003c/span\u003e","\u003cspan title=\u0027原始值：2.929\u0027\u003e2.93\u003c/span\u003e","\u003cspan title=\u0027原始值：0.00144\u0027\u003e0.001\u003c/span\u003e","\u003cspan title=\u0027原始值：4961848\u0027\u003e4961848\u003c/span\u003e"],["江苏省","太湖流域","拖山","03-17 00:00","3","\u003cspan title=\u0027原始值：12.76\u0027\u003e12.8\u003c/span\u003e","\u003cspan title=\u0027原始值：8.419\u0027\u003e8.42\u003c/span\u003e","\u003cspan title=\u0027原始值：10.59\u0027\u003e10.59\u003c/span\u003e","\u003cspan title=\u0027原始值：512.16\u0027\u003e512.2\u003c/span\u003e","\u003cspan title=\u0027原始值：30.99\u0027\u003e31.0\u003c/span\u003e","\u003cspan title=\u0027原始值：2.55\u0027\u003e2.55\u003c/span\u003e","--","\u003cspan title=\u0027原始值：0.049\u0027\u003e0.049\u003c/span\u003e","\u003cspan title=\u0027原始值：2.534\u0027\u003e2.53\u003c/span\u003e","\u003cspan title=\u0027原始值：0.01263\u0027\u003e0.013\u003c/span\u003e","\u003cspan title=\u0027原始值：2341118\u0027\u003e2341118\u003c/span\u003e"],["江苏省","太湖流域","五里湖心","03-17 00:00","3","\u003cspan title=\u0027原始值：13.15\u0027\u003e13.2\u003c/span\u003e","\u003cspan title=\u0027原始值：8.2\u0027\u003e8.20\u003c/span\u003e","\u003cspan title=\u0027原始值：11.029\u0027\u003e11.03\u003c/span\u003e","\u003cspan title=\u0027原始值：457.44\u0027\u003e457.4\u003c/span\u003e","\u003cspan title=\u0027原始值：108.3177\u0027\u003e108.3\u003c/span\u003e","\u003cspan title=\u0027原始值：2.69\u0027\u003e2.69\u003c/span\u003e","--","\u003cspan title=\u0027原始值：0.043\u0027\u003e0.043\u003c/span\u003e","\u003cspan title=\u0027原始值：0.464\u0027\u003e0.46\u003c/span\u003e","\u003cspan title=\u0027原始值：0.00988\u0027\u003e0.010\u003c/span\u003e","\u003cspan title=\u0027原始值：3341207\u0027\u003e3341207\u003c/span\u003e"],["江苏省","太湖流域","乌龟山南","03-17 00:00","3","\u003cspan title=\u0027原始值：12.67\u0027\u003e12.7\u003c/span\u003e","\u003cspan title=\u0027原始值：8.175\u0027\u003e8.18\u003c/span\u003e","\u003cspan title=\u0027原始值：10.649\u0027\u003e10.65\u003c/span\u003e","\u003cspan title=\u0027原始值：510.626\u0027\u003e510.6\u003c/span\u003e","\u003cspan title=\u0027原始值：30.616\u0027\u003e30.6\u003c/span\u003e","\u003cspan title=\u0027原始值：2.21\u0027\u003e2.21\u003c/span\u003e","\u003cspan title=\u0027原始值：0.0094\u0027\u003e0.009\u003c/span\u003e","\u003cspan title=\u0027原始值：0.043\u0027\u003e0.043\u003c/span\u003e","\u003cspan title=\u0027原始值：1.784\u0027\u003e1.78\u003c/span\u003e","\u003cspan title=\u0027原始值：0.00208\u0027\u003e0.002\u003c/span\u003e","\u003cspan title=\u0027原始值：1386426\u0027\u003e1386426\u003c/span\u003e"],["安徽省","巢湖流域","黄麓","03-17 00:00","3","\u003cspan title=\u0027原始值：11.61\u0027\u003e11.6\u003c/span\u003e","\u003cspan title=\u0027原始值：8.166\u0027\u003e8.17\u003c/span\u003e","\u003cspan title=\u0027原始值：10.676\u0027\u003e10.68\u003c/span\u003e","\u003cspan title=\u0027原始值：386.27\u0027\u003e386.3\u003c/span\u003e","\u003cspan title=\u0027原始值：24.842\u0027\u003e24.8\u003c/span\u003e","\u003cspan title=\u0027原始值：2.502\u0027\u003e2.50\u003c/span\u003e","--","\u003cspan title=\u0027原始值：0.0259\u0027\u003e0.026\u003c/span\u003e","\u003cspan title=\u0027原始值：1.064\u0027\u003e1.06\u003c/span\u003e","\u003cspan title=\u0027原始值：0.00835\u0027\u003e0.008\u003c/span\u003e","\u003cspan title=\u0027原始值：1085394\u0027\u003e1085394\u003c/span\u003e"],["安徽省","巢湖流域","靠近大坝","03-17 00:00","1","\u003cspan title=\u0027原始值：12.26\u0027\u003e12.3\u003c/span\u003e","\u003cspan title=\u0027原始值：7.834\u0027\u003e7.83\u003c/span\u003e","\u003cspan title=\u0027原始值：9.8057\u0027\u003e9.81\u003c/span\u003e","\u003cspan title=\u0027原始值：140.19\u0027\u003e140.2\u003c/span\u003e","\u003cspan title=\u0027原始值：5.6\u0027\u003e5.6\u003c/span\u003e","\u003cspan title=\u0027原始值：1.709\u0027\u003e1.71\u003c/span\u003e","\u003cspan title=\u0027原始值：0.0275\u0027\u003e0.028\u003c/span\u003e","\u003cspan title=\u0027原始值：0.0099\u0027\u003e0.010\u003c/span\u003e","\u003cspan title=\u0027原始值：0.821\u0027\u003e0.82\u003c/span\u003e","\u003cspan title=\u0027原始值：0.00251\u0027\u003e0.003\u003c/span\u003e","\u003cspan title=\u0027原始值：369876.9\u0027\u003e369877\u003c/span\u003e"],["安徽省","巢湖流域","新河入湖区","03-17 00:00","4","\u003cspan title=\u0027原始值：11.58\u0027\u003e11.6\u003c/span\u003e","\u003cspan title=\u0027原始值：7.68\u0027\u003e7.68\u003c/span\u003e","\u003cspan title=\u0027原始值：9.736\u0027\u003e9.74\u003c/span\u003e","\u003cspan title=\u0027原始值：438.76\u0027\u003e438.8\u003c/span\u003e","\u003cspan title=\u0027原始值：58.7\u0027\u003e58.7\u003c/span\u003e","\u003cspan title=\u0027原始值：3.23\u0027\u003e3.23\u003c/span\u003e","--","\u003cspan title=\u0027原始值：0.0658\u0027\u003e0.066\u003c/span\u003e","\u003cspan title=\u0027原始值：1.331\u0027\u003e1.33\u003c/span\u003e","\u003cspan title=\u0027原始值：0.00762\u0027\u003e0.008\u003c/span\u003e","\u003cspan title=\u0027原始值：3.117101E+07\u0027\u003e31171010\u003c/span\u003e"],["安徽省","巢湖流域","龟山","03-17 00:00","3","\u003cspan title=\u0027原始值：12.73\u0027\u003e12.7\u003c/span\u003e","\u003cspan title=\u0027原始值：7.576\u0027\u003e7.58\u003c/span\u003e","\u003cspan title=\u0027原始值：10.098\u0027\u003e10.10\u003c/span\u003e","\u003cspan title=\u0027原始值：415.26\u0027\u003e415.3\u003c/span\u003e","\u003cspan title=\u0027原始值：25.95\u0027\u003e26.0\u003c/span\u003e","\u003cspan title=\u0027原始值：2.407\u0027\u003e2.41\u003c/span\u003e","\u003cspan title=\u0027原始值：0.01\u0027\u003e0.010\u003c/span\u003e","\u003cspan title=\u0027原始值：0.0309\u0027\u003e0.031\u003c/span\u003e","\u003cspan title=\u0027原始值：1.274\u0027\u003e1.27\u003c/span\u003e","\u003cspan title=\u0027原始值：0.00733\u0027\u003e0.007\u003c/span\u003e","\u003cspan title=\u0027原始值：1129200\u0027\u003e1129200\u003c/span\u003e"],["安徽省","巢湖流域","兆河入湖区","03-17 00:00","4","\u003cspan title=\u0027原始值：12.43\u0027\u003e12.4\u003c/span\u003e","\u003cspan title=\u0027原始值：8.04\u0027\u003e8.04\u003c/span\u003e","\u003cspan title=\u0027原始值：10.36\u0027\u003e10.36\u003c/span\u003e","\u003cspan title=\u0027原始值：432.11\u0027\u003e432.1\u003c/span\u003e","\u003cspan title=\u0027原始值：82.55\u0027\u003e82.6\u003c/span\u003e","\u003cspan title=\u0027原始值：3.307\u0027\u003e3.31\u003c/span\u003e","--","\u003cspan title=\u0027原始值：0.0557\u0027\u003e0.056\u003c/span\u003e","\u003cspan title=\u0027原始值：1.239\u0027\u003e1.24\u003c/span\u003e","\u003cspan title=\u0027原始值：0.05897\u0027\u003e0.059\u003c/span\u003e","\u003cspan title=\u0027原始值：1997975\u0027\u003e1997975\u003c/span\u003e"],["安徽省","淮河流域","焦岗湖","03-17 00:00","3","\u003cspan 