{"result":1,"total":1,"records":1472,"thead":["省份","流域","断面名称","监测时间","水质类别","水温\u003cbr/\u003e\u003cspan class=\u0027unit\u0027\u003e(℃)\u003c/span\u003e","pH\u003cbr/\u003e\u003cspan class=\u0027unit\u0027\u003e(无量纲)\u003c/span\u003e","溶解氧\u003cbr/\u003e\u003cspan class=\u0027unit\u0027\u003e(mg/L)\u003c/span\u003e","电导率\u003cbr/\u003e\u003cspan class=\u0027unit\u0027\u003e(μS/cm)\u003c/span\u003e","浊度\u003cbr/\u003e\u003cspan class=\u0027unit\u0027\u003e(NTU)\u003c/span\u003e","高锰酸盐指数\u003cbr/\u003e\u003cspan class=\u0027unit\u0027\u003e(mg/L)\u003c/span\u003e","氨氮\u003cbr/\u003e\u003cspan class=\u0027unit\u0027\u003e(mg/L)\u003c/span\u003e","总磷\u003cbr/\u003e\u003cspan class=\u0027unit\u0027\u003e(mg/L)\u003c/span\u003e","总氮\u003cbr/\u003e\u003cspan class=\u0027unit\u0027\u003e(mg/L)\u003c/span\u003e","叶绿素α\u003cbr/\u003e\u003cspan class=\u0027unit\u0027\u003e(mg/L)\u003c/span\u003e","藻密度\u003cbr/\u003e\u003cspan class=\u0027unit\u0027\u003e(cells/L)\u003c/span\u003e"],"tbody":[["江苏省","太湖流域","拖山","03-26 00:00","2","\u003cspan title=\u0027原始值：15.49\u0027\u003e15.5\u003c/span\u003e","\u003cspan title=\u0027原始值：8.542\u0027\u003e8.54\u003c/span\u003e","\u003cspan title=\u0027原始值：11.431\u0027\u003e11.43\u003c/span\u003e","\u003cspan title=\u0027原始值：508.79\u0027\u003e508.8\u003c/span\u003e","\u003cspan title=\u0027原始值：5.76\u0027\u003e5.8\u003c/span\u003e","\u003cspan title=\u0027原始值：2.18\u0027\u003e2.18\u003c/span\u003e","--","\u003cspan title=\u0027原始值：0.024\u0027\u003e0.024\u003c/span\u003e","\u003cspan title=\u0027原始值：1.57\u0027\u003e1.57\u003c/span\u003e","\u003cspan title=\u0027原始值：0.01443\u0027\u003e0.014\u003c/span\u003e","\u003cspan title=\u0027原始值：1487517\u0027\u003e1487517\u003c/span\u003e"],["江苏省","太湖流域","五里湖心","03-26 00:00","3","\u003cspan title=\u0027原始值：15.32\u0027\u003e15.3\u003c/span\u003e","\u003cspan title=\u0027原始值：8.33\u0027\u003e8.33\u003c/span\u003e","\u003cspan title=\u0027原始值：11.332\u0027\u003e11.33\u003c/span\u003e","\u003cspan title=\u0027原始值：460.1\u0027\u003e460.1\u003c/span\u003e","\u003cspan title=\u0027原始值：86.08544\u0027\u003e86.1\u003c/span\u003e","\u003cspan title=\u0027原始值：2.58\u0027\u003e2.58\u003c/span\u003e","--","\u003cspan title=\u0027原始值：0.0367\u0027\u003e0.037\u003c/span\u003e","\u003cspan title=\u0027原始值：0.298\u0027\u003e0.30\u003c/span\u003e","\u003cspan title=\u0027原始值：0.01971\u0027\u003e0.020\u003c/span\u003e","\u003cspan title=\u0027原始值：3291339\u0027\u003e3291339\u003c/span\u003e"],["江苏省","太湖流域","乌龟山南","03-26 00:00","3","\u003cspan title=\u0027原始值：15.46\u0027\u003e15.5\u003c/span\u003e","\u003cspan title=\u0027原始值：8.214\u0027\u003e8.21\u003c/span\u003e","\u003cspan title=\u0027原始值：10.31\u0027\u003e10.31\u003c/span\u003e","\u003cspan title=\u0027原始值：498.617\u0027\u003e498.6\u003c/span\u003e","\u003cspan title=\u0027原始值：11.555\u0027\u003e11.6\u003c/span\u003e","\u003cspan title=\u0027原始值：1.89\u0027\u003e1.89\u003c/span\u003e","\u003cspan title=\u0027原始值：0.0519\u0027\u003e0.052\u003c/span\u003e","\u003cspan title=\u0027原始值：0.0448\u0027\u003e0.045\u003c/span\u003e","\u003cspan title=\u0027原始值：1.869\u0027\u003e1.87\u003c/span\u003e","\u003cspan title=\u0027原始值：0.00121\u0027\u003e0.001\u003c/span\u003e","\u003cspan title=\u0027原始值：360859.9\u0027\u003e360860\u003c/span\u003e"],["安徽省","巢湖流域","黄麓","03-26 00:00","3","\u003cspan title=\u0027原始值：15.1\u0027\u003e15.1\u003c/span\u003e","\u003cspan title=\u0027原始值：8.307\u0027\u003e8.31\u003c/span\u003e","\u003cspan title=\u0027原始值：10.452\u0027\u003e10.45\u003c/span\u003e","\u003cspan title=\u0027原始值：426.01\u0027\u003e426.0\u003c/span\u003e","\u003cspan title=\u0027原始值：16.057\u0027\u003e16.1\u003c/span\u003e","\u003cspan title=\u0027原始值：2.548\u0027\u003e2.55\u003c/span\u003e","--","\u003cspan title=\u0027原始值：0.0251\u0027\u003e0.025\u003c/span\u003e","\u003cspan title=\u0027原始值：1.187\u0027\u003e1.19\u003c/span\u003e","\u003cspan title=\u0027原始值：0.00592\u0027\u003e0.006\u003c/span\u003e","\u003cspan title=\u0027原始值：626176.8\u0027\u003e626177\u003c/span\u003e"],["安徽省","巢湖流域","靠近大坝","03-26 00:00","1","\u003cspan title=\u0027原始值：15.32\u0027\u003e15.3\u003c/span\u003e","\u003cspan title=\u0027原始值：7.855\u0027\u003e7.86\u003c/span\u003e","\u003cspan title=\u0027原始值：9.4855\u0027\u003e9.49\u003c/span\u003e","\u003cspan title=\u0027原始值：178.08\u0027\u003e178.1\u003c/span\u003e","\u003cspan title=\u0027原始值：4.2\u0027\u003e4.2\u003c/span\u003e","\u003cspan title=\u0027原始值：1.807\u0027\u003e1.81\u003c/span\u003e","\u003cspan title=\u0027原始值：0.0343\u0027\u003e0.034\u003c/span\u003e","\u003cspan title=\u0027原始值：0.0092\u0027\u003e0.009\u003c/span\u003e","\u003cspan title=\u0027原始值：1.078\u0027\u003e1.08\u003c/span\u003e","\u003cspan title=\u0027原始值：0.00615\u0027\u003e0.006\u003c/span\u003e","\u003cspan title=\u0027原始值：157530.3\u0027\u003e157530\u003c/span\u003e"],["安徽省","巢湖流域","新河入湖区","03-26 00:00","3","\u003cspan title=\u0027原始值：14.21\u0027\u003e14.2\u003c/span\u003e","\u003cspan title=\u0027原始值：7.607\u0027\u003e7.61\u003c/span\u003e","\u003cspan title=\u0027原始值：9.51\u0027\u003e9.51\u003c/span\u003e","\u003cspan title=\u0027原始值：398.89\u0027\u003e398.9\u003c/span\u003e","\u003cspan title=\u0027原始值：73.34\u0027\u003e73.3\u003c/span\u003e","\u003cspan title=\u0027原始值：3.998\u0027\u003e4.00\u003c/span\u003e","\u003cspan title=\u0027原始值：0.3071\u0027\u003e0.307\u003c/span\u003e","\u003cspan title=\u0027原始值：0.0476\u0027\u003e0.048\u003c/span\u003e","--","\u003cspan title=\u0027原始值：0.00586\u0027\u003e0.006\u003c/span\u003e","\u003cspan title=\u0027原始值：1.948945E+07\u0027\u003e19489450\u003c/span\u003e"],["安徽省","巢湖流域","龟山","03-26 00:00","3","\u003cspan title=\u0027原始值：15.55\u0027\u003e15.6\u003c/span\u003e","\u003cspan title=\u0027原始值：7.801\u0027\u003e7.80\u003c/span\u003e","\u003cspan title=\u0027原始值：10.009\u0027\u003e10.01\u003c/span\u003e","\u003cspan title=\u0027原始值：424.85\u0027\u003e424.8\u003c/span\u003e","\u003cspan title=\u0027原始值：16.01\u0027\u003e16.0\u003c/span\u003e","\u003cspan title=\u0027原始值：2.267\u0027\u003e2.27\u003c/span\u003e","\u003cspan title=\u0027原始值：0.0047\u0027\u003e0.005\u003c/span\u003e","\u003cspan title=\u0027原始值：0.0283\u0027\u003e0.028\u003c/span\u003e","\u003cspan title=\u0027原始值：1.309\u0027\u003e1.31\u003c/span\u003e","\u003cspan title=\u0027原始值：0.00816\u0027\u003e0.008\u003c/span\u003e","\u003cspan title=\u0027原始值：791285\u0027\u003e791285\u003c/span\u003e"],["安徽省","巢湖流域","兆河入湖区","03-26 00:00","3","\u003cspan title=\u0027原始值：14.31\u0027\u003e14.3\u003c/span\u003e","\u003cspan title=\u0027原始值：8.17\u0027\u003e8.17\u003c/span\u003e","\u003cspan title=\u0027原始值：10.43\u0027\u003e10.43\u003c/span\u003e","\u003cspan title=\u0027原始值：439.86\u0027\u003e439.9\u003c/span\u003e","\u003cspan title=\u0027原始值：27.86\u0027\u003e27.9\u003c/span\u003e","\u003cspan title=\u0027原始值：2.664\u0027\u003e2.66\u003c/span\u003e","--","\u003cspan title=\u0027原始值：0.0348\u0027\u003e0.035\u003c/span\u003e","\u003cspan title=\u0027原始值：1.237\u0027\u003e1.24\u003c/span\u003e","\u003cspan title=\u0027原始值：0.00716\u0027\u003e0.007\u003c/span\u003e","\u003cspan title=\u0027原始值：1327321\u0027\u003e1327321\u003c/span\u003e"],["安徽省","淮河流域","焦岗湖","03-26 00:00","3","\u003cspan title=\u0027原始值：17.06\u0027\u003e17.1\u003c/span\u003e","\u003cspan title=\u0027原始值：7.75\u0027\u003e7.75\u003c/span\u003e","\u003cspan title=\u0027原始值：9.904\u0027\u003e9.90\u003c/span\u003e","\u003cspan title=\u0027原始值：806.47\u0027\u003e806.5\u003c/span\u003e","\u003cspan title=\u0027原始值：13.7\u0027\u003e13.7\u003c/span\u003e","\u003cspan title=\u0027原始值：5.42\u0027\u003e5.42\u003c/span\u003e","\u003cspan title=\u0027原始值：0.0199\u0027\u003e0.020\u003c/span\u003e","\u003cspan title=\u0027原始值：0.0207\u0027\u003e0.021\u003c/span\u003e","\u003cspan title=\u0027原始值：0.712\u0027\u003e0.71\u003c/span\u003e","\u003cspan title=\u0027原始值：0.00481\u0027\u003e0.005\u003c/span\u003e","\u003cspan title=\u0027原始值：949013.4\u0027\u003e949013\u003c/span\u003e"],["湖北省","长江流域","淤泥湖","03-26 00:00","2","\u003cspan title=\u0027原始值：14.7\u0027\u003e14.7\u003c/span\u003e",