{"result":1,"total":1,"records":1477,"thead":["省份","流域","断面名称","监测时间","水质类别","水温\u003cbr/\u003e\u003cspan class=\u0027unit\u0027\u003e(℃)\u003c/span\u003e","pH\u003cbr/\u003e\u003cspan class=\u0027unit\u0027\u003e(无量纲)\u003c/span\u003e","溶解氧\u003cbr/\u003e\u003cspan class=\u0027unit\u0027\u003e(mg/L)\u003c/span\u003e","电导率\u003cbr/\u003e\u003cspan class=\u0027unit\u0027\u003e(μS/cm)\u003c/span\u003e","浊度\u003cbr/\u003e\u003cspan class=\u0027unit\u0027\u003e(NTU)\u003c/span\u003e","高锰酸盐指数\u003cbr/\u003e\u003cspan class=\u0027unit\u0027\u003e(mg/L)\u003c/span\u003e","氨氮\u003cbr/\u003e\u003cspan class=\u0027unit\u0027\u003e(mg/L)\u003c/span\u003e","总磷\u003cbr/\u003e\u003cspan class=\u0027unit\u0027\u003e(mg/L)\u003c/span\u003e","总氮\u003cbr/\u003e\u003cspan class=\u0027unit\u0027\u003e(mg/L)\u003c/span\u003e","叶绿素α\u003cbr/\u003e\u003cspan class=\u0027unit\u0027\u003e(mg/L)\u003c/span\u003e","藻密度\u003cbr/\u003e\u003cspan class=\u0027unit\u0027\u003e(cells/L)\u003c/span\u003e"],"tbody":[["江苏省","太湖流域","拖山","03-29 00:00","3","\u003cspan title=\u0027原始值：16.54\u0027\u003e16.5\u003c/span\u003e","\u003cspan title=\u0027原始值：8.359\u0027\u003e8.36\u003c/span\u003e","\u003cspan title=\u0027原始值：10.166\u0027\u003e10.17\u003c/span\u003e","\u003cspan title=\u0027原始值：502.58\u0027\u003e502.6\u003c/span\u003e","\u003cspan title=\u0027原始值：44.3\u0027\u003e44.3\u003c/span\u003e","\u003cspan title=\u0027原始值：2.39\u0027\u003e2.39\u003c/span\u003e","--","\u003cspan title=\u0027原始值：0.035\u0027\u003e0.035\u003c/span\u003e","\u003cspan title=\u0027原始值：1.797\u0027\u003e1.80\u003c/span\u003e","\u003cspan title=\u0027原始值：0.00784\u0027\u003e0.008\u003c/span\u003e","\u003cspan title=\u0027原始值：2485640\u0027\u003e2485640\u003c/span\u003e"],["江苏省","太湖流域","五里湖心","03-29 00:00","3","\u003cspan title=\u0027原始值：17.04\u0027\u003e17.0\u003c/span\u003e","\u003cspan title=\u0027原始值：8.28\u0027\u003e8.28\u003c/span\u003e","\u003cspan title=\u0027原始值：11.197\u0027\u003e11.20\u003c/span\u003e","\u003cspan title=\u0027原始值：461.11\u0027\u003e461.1\u003c/span\u003e","\u003cspan title=\u0027原始值：113.488\u0027\u003e113.5\u003c/span\u003e","\u003cspan title=\u0027原始值：2.59\u0027\u003e2.59\u003c/span\u003e","--","\u003cspan title=\u0027原始值：0.0398\u0027\u003e0.040\u003c/span\u003e","\u003cspan title=\u0027原始值：0.295\u0027\u003e0.30\u003c/span\u003e","\u003cspan title=\u0027原始值：0.01129\u0027\u003e0.011\u003c/span\u003e","\u003cspan title=\u0027原始值：2518373\u0027\u003e2518373\u003c/span\u003e"],["江苏省","太湖流域","胥湖心","03-29 00:00","1","\u003cspan title=\u0027原始值：16.93\u0027\u003e16.9\u003c/span\u003e","\u003cspan title=\u0027原始值：8.033\u0027\u003e8.03\u003c/span\u003e","\u003cspan title=\u0027原始值：9.184\u0027\u003e9.18\u003c/span\u003e","\u003cspan title=\u0027原始值：398.835\u0027\u003e398.8\u003c/span\u003e","\u003cspan title=\u0027原始值：9.817\u0027\u003e9.8\u003c/span\u003e","\u003cspan title=\u0027原始值：1.68\u0027\u003e1.68\u003c/span\u003e","\u003cspan title=\u0027原始值：0.0538\u0027\u003e0.054\u003c/span\u003e","\u003cspan title=\u0027原始值：0.0096\u0027\u003e0.010\u003c/span\u003e","\u003cspan title=\u0027原始值：0.898\u0027\u003e0.90\u003c/span\u003e","\u003cspan title=\u0027原始值：0.00188\u0027\u003e0.002\u003c/span\u003e","\u003cspan title=\u0027原始值：366972\u0027\u003e366972\u003c/span\u003e"],["江苏省","太湖流域","乌龟山南","03-29 00:00","3","\u003cspan title=\u0027原始值：16.25\u0027\u003e16.2\u003c/span\u003e","\u003cspan title=\u0027原始值：8.19\u0027\u003e8.19\u003c/span\u003e","\u003cspan title=\u0027原始值：9.9\u0027\u003e9.90\u003c/span\u003e","\u003cspan title=\u0027原始值：513.824\u0027\u003e513.8\u003c/span\u003e","\u003cspan title=\u0027原始值：15.961\u0027\u003e16.0\u003c/span\u003e","\u003cspan title=\u0027原始值：1.85\u0027\u003e1.85\u003c/span\u003e","\u003cspan title=\u0027原始值：0.0622\u0027\u003e0.062\u003c/span\u003e","\u003cspan title=\u0027原始值：0.0372\u0027\u003e0.037\u003c/span\u003e","\u003cspan title=\u0027原始值：1.993\u0027\u003e1.99\u003c/span\u003e","\u003cspan title=\u0027原始值：0.0011\u0027\u003e0.001\u003c/span\u003e","\u003cspan title=\u0027原始值：465357.1\u0027\u003e465357\u003c/span\u003e"],["安徽省","巢湖流域","黄麓","03-29 00:00","2","\u003cspan title=\u0027原始值：15.63\u0027\u003e15.6\u003c/span\u003e","\u003cspan title=\u0027原始值：8.391\u0027\u003e8.39\u003c/span\u003e","\u003cspan title=\u0027原始值：10.369\u0027\u003e10.37\u003c/span\u003e","\u003cspan title=\u0027原始值：418.08\u0027\u003e418.1\u003c/span\u003e","\u003cspan title=\u0027原始值：14.712\u0027\u003e14.7\u003c/span\u003e","\u003cspan title=\u0027原始值：2.514\u0027\u003e2.51\u003c/span\u003e","--","\u003cspan title=\u0027原始值：0.0188\u0027\u003e0.019\u003c/span\u003e","\u003cspan title=\u0027原始值：1.096\u0027\u003e1.10\u003c/span\u003e","\u003cspan title=\u0027原始值：0.04272\u0027\u003e0.043\u003c/span\u003e","\u003cspan title=\u0027原始值：827828.7\u0027\u003e827829\u003c/span\u003e"],["安徽省","巢湖流域","靠近大坝","03-29 00:00","1","\u003cspan title=\u0027原始值：16.55\u0027\u003e16.6\u003c/span\u003e","\u003cspan title=\u0027原始值：7.906\u0027\u003e7.91\u003c/span\u003e","\u003cspan title=\u0027原始值：9.5093\u0027\u003e9.51\u003c/span\u003e","\u003cspan title=\u0027原始值：175.42\u0027\u003e175.4\u003c/span\u003e","\u003cspan title=\u0027原始值：3.46\u0027\u003e3.5\u003c/span\u003e","\u003cspan title=\u0027原始值：1.895\u0027\u003e1.90\u003c/span\u003e","\u003cspan title=\u0027原始值：0.0361\u0027\u003e0.036\u003c/span\u003e","\u003cspan title=\u0027原始值：0.0089\u0027\u003e0.009\u003c/span\u003e","\u003cspan title=\u0027原始值：1.055\u0027\u003e1.06\u003c/span\u003e","\u003cspan title=\u0027原始值：0.01496\u0027\u003e0.015\u003c/span\u003e","\u003cspan title=\u0027原始值：26930.53\u0027\u003e26931\u003c/span\u003e"],["安徽省","巢湖流域","新河入湖区","03-29 00:00","3","\u003cspan title=\u0027原始值：16.2\u0027\u003e16.2\u003c/span\u003e","\u003cspan title=\u0027原始值：7.874\u0027\u003e7.87\u003c/span\u003e","\u003cspan title=\u0027原始值：9.559\u0027\u003e9.56\u003c/span\u003e","\u003cspan title=\u0027原始值：432.84\u0027\u003e432.8\u003c/span\u003e","\u003cspan title=\u0027原始值：21.07\u0027\u003e21.1\u003c/span\u003e","\u003cspan title=\u0027原始值：3.268\u0027\u003e3.27\u003c/span\u003e","\u003cspan title=\u0027原始值：0.0416\u0027\u003e0.042\u003c/span\u003e","\u003cspan title=\u0027原始值：0.0285\u0027\u003e0.028\u003c/span\u003e","\u003cspan title=\u0027原始值：2.326\u0027\u003e2.33\u003c/span\u003e","\u003cspan title=\u0027原始值：0.00481\u0027\u003e0.005\u003c/span\u003e","\u003cspan title=\u0027原始值：3.098988E+07\u0027\u003e30989880\u003c/span\u003e"],["安徽省","巢湖流域","龟山","03-29 00:00","3","\u003cspan title=\u0027原始值：16.34\u0027\u003e16.3\u003c/span\u003e","\u003cspan title=\u0027原始值：7.891\u0027\u003e7.89\u003c/span\u003e","\u003cspan title=\u0027原始值：10.014\u0027\u003e10.01\u003c/span\u003e","\u003cspan title=\u0027原始值：422.12\u0027\u003e422.1\u003c/span\u003e","\u003cspan title=\u0027原始值：19.43\u0027\u003e19.4\u003c/span\u003e","\u003cspan title=\u0027原始值：2.495\u0027\u003e2.50\u003c/span\u003e","--","\u003cspan title=\u0027原始值：0.0278\u0027\u003e0.028\u003c/span\u003e","\u003cspan title=\u0027原始值：1.291\u0027\u003e1.29\u003c/span\u003e","\u003cspan title=\u0027原始值：0.01019\u0027\u003e0.010\u003c/span\u003e","\u003cspan title=\u0027原始值：1170980\u0027\u003e1170980\u003c/span\u003e"],["安徽省","巢湖流域","东半湖湖心","03-29 00:00","2","\u003cspan title=\u0027原始值：16.871\u0027\u003e16.9\u003c/span\u003e","\u003cspan title=\u0027原始值：8.307\u0027\u003e8.31\u003c/span\u003e","\u003cspan title=\u0027原始值：10.416\u0027\u003e10.42\u003c/span\u003e","\u003cspan title=\u0027原始值：412.823\u0027\u003e412.8\u003c/span\u003e","\u003cspan title=\u0027原始值：13.96\u0027\u003e14.0\u003c/span\u003e","\u003cspan title=\u0027原始值：2.7\u0027\u003e2.70\u003c/span\u003e","\u003cspan title=\u0027原始值：0.0224\u0027\u003e0.022\u003c/span\u003e","\u003cspan title=\u0027原始值：0.0197\u0027\u003e0.020\u003c/span\u003e","\u003cspan title=\u0027原始值：1.355\u0027\u003e1.36\u003c/span\u003e","\u003cspan title=\u0027原始值：0.00263\u0027\u003e0.003\u003c/span\u003e","\u003cspan title=\u0027原始值：1537604\u0027\u003e1537604\u003c/span\u003e"],["安徽省","淮河流域","焦岗湖","03-29 00:00","3",