{"result":1,"total":1,"records":1477,"thead":["省份","流域","断面名称","监测时间","水质类别","水温\u003cbr/\u003e\u003cspan class=\u0027unit\u0027\u003e(℃)\u003c/span\u003e","pH\u003cbr/\u003e\u003cspan class=\u0027unit\u0027\u003e(无量纲)\u003c/span\u003e","溶解氧\u003cbr/\u003e\u003cspan class=\u0027unit\u0027\u003e(mg/L)\u003c/span\u003e","电导率\u003cbr/\u003e\u003cspan class=\u0027unit\u0027\u003e(μS/cm)\u003c/span\u003e","浊度\u003cbr/\u003e\u003cspan class=\u0027unit\u0027\u003e(NTU)\u003c/span\u003e","高锰酸盐指数\u003cbr/\u003e\u003cspan class=\u0027unit\u0027\u003e(mg/L)\u003c/span\u003e","氨氮\u003cbr/\u003e\u003cspan class=\u0027unit\u0027\u003e(mg/L)\u003c/span\u003e","总磷\u003cbr/\u003e\u003cspan class=\u0027unit\u0027\u003e(mg/L)\u003c/span\u003e","总氮\u003cbr/\u003e\u003cspan class=\u0027unit\u0027\u003e(mg/L)\u003c/span\u003e","叶绿素α\u003cbr/\u003e\u003cspan class=\u0027unit\u0027\u003e(mg/L)\u003c/span\u003e","藻密度\u003cbr/\u003e\u003cspan class=\u0027unit\u0027\u003e(cells/L)\u003c/span\u003e"],"tbody":[["江苏省","太湖流域","拖山","03-30 00:00","3","\u003cspan title=\u0027原始值：17.68\u0027\u003e17.7\u003c/span\u003e","\u003cspan title=\u0027原始值：8.448\u0027\u003e8.45\u003c/span\u003e","\u003cspan title=\u0027原始值：10.33\u0027\u003e10.33\u003c/span\u003e","\u003cspan title=\u0027原始值：505.49\u0027\u003e505.5\u003c/span\u003e","\u003cspan title=\u0027原始值：23.7\u0027\u003e23.7\u003c/span\u003e","\u003cspan title=\u0027原始值：2.28\u0027\u003e2.28\u003c/span\u003e","--","\u003cspan title=\u0027原始值：0.029\u0027\u003e0.029\u003c/span\u003e","\u003cspan title=\u0027原始值：1.562\u0027\u003e1.56\u003c/span\u003e","\u003cspan title=\u0027原始值：0.01213\u0027\u003e0.012\u003c/span\u003e","\u003cspan title=\u0027原始值：2160289\u0027\u003e2160289\u003c/span\u003e"],["江苏省","太湖流域","五里湖心","03-30 00:00","3","\u003cspan title=\u0027原始值：17.9\u0027\u003e17.9\u003c/span\u003e","\u003cspan title=\u0027原始值：8.29\u0027\u003e8.29\u003c/span\u003e","\u003cspan title=\u0027原始值：11.059\u0027\u003e11.06\u003c/span\u003e","\u003cspan title=\u0027原始值：462.51\u0027\u003e462.5\u003c/span\u003e","\u003cspan title=\u0027原始值：107.8007\u0027\u003e107.8\u003c/span\u003e","\u003cspan title=\u0027原始值：2.51\u0027\u003e2.51\u003c/span\u003e","--","\u003cspan title=\u0027原始值：0.0364\u0027\u003e0.036\u003c/span\u003e","\u003cspan title=\u0027原始值：0.303\u0027\u003e0.30\u003c/span\u003e","\u003cspan title=\u0027原始值：0.00919\u0027\u003e0.009\u003c/span\u003e","\u003cspan title=\u0027原始值：2019685\u0027\u003e2019685\u003c/span\u003e"],["江苏省","太湖流域","胥湖心","03-30 00:00","2","\u003cspan title=\u0027原始值：18.01\u0027\u003e18.0\u003c/span\u003e","\u003cspan title=\u0027原始值：8.059\u0027\u003e8.06\u003c/span\u003e","\u003cspan title=\u0027原始值：9.097\u0027\u003e9.10\u003c/span\u003e","\u003cspan title=\u0027原始值：401.058\u0027\u003e401.1\u003c/span\u003e","\u003cspan title=\u0027原始值：9.25\u0027\u003e9.2\u003c/span\u003e","\u003cspan title=\u0027原始值：1.969\u0027\u003e1.97\u003c/span\u003e","\u003cspan title=\u0027原始值：0.064\u0027\u003e0.064\u003c/span\u003e","\u003cspan title=\u0027原始值：0.0106\u0027\u003e0.011\u003c/span\u003e","\u003cspan title=\u0027原始值：0.882\u0027\u003e0.88\u003c/span\u003e","\u003cspan title=\u0027原始值：0.00237\u0027\u003e0.002\u003c/span\u003e","\u003cspan title=\u0027原始值：275229\u0027\u003e275229\u003c/span\u003e"],["江苏省","太湖流域","乌龟山南","03-30 00:00","3","\u003cspan title=\u0027原始值：17.41\u0027\u003e17.4\u003c/span\u003e","\u003cspan title=\u0027原始值：7\u0027\u003e7.00\u003c/span\u003e","\u003cspan title=\u0027原始值：9.964\u0027\u003e9.96\u003c/span\u003e","\u003cspan title=\u0027原始值：457.403\u0027\u003e457.4\u003c/span\u003e","\u003cspan title=\u0027原始值：9.664\u0027\u003e9.7\u003c/span\u003e","\u003cspan title=\u0027原始值：2.3\u0027\u003e2.30\u003c/span\u003e","\u003cspan title=\u0027原始值：0.0382\u0027\u003e0.038\u003c/span\u003e","\u003cspan title=\u0027原始值：0.0374\u0027\u003e0.037\u003c/span\u003e","\u003cspan title=\u0027原始值：2.048\u0027\u003e2.05\u003c/span\u003e","\u003cspan title=\u0027原始值：0.00211\u0027\u003e0.002\u003c/span\u003e","\u003cspan title=\u0027原始值：346621\u0027\u003e346621\u003c/span\u003e"],["安徽省","巢湖流域","黄麓","03-30 00:00","2","\u003cspan title=\u0027原始值：17.21\u0027\u003e17.2\u003c/span\u003e","\u003cspan title=\u0027原始值：8.454\u0027\u003e8.45\u003c/span\u003e","\u003cspan title=\u0027原始值：10.459\u0027\u003e10.46\u003c/span\u003e","\u003cspan title=\u0027原始值：413.36\u0027\u003e413.4\u003c/span\u003e","\u003cspan title=\u0027原始值：11.305\u0027\u003e11.3\u003c/span\u003e","\u003cspan title=\u0027原始值：2.453\u0027\u003e2.45\u003c/span\u003e","--","\u003cspan title=\u0027原始值：0.0183\u0027\u003e0.018\u003c/span\u003e","\u003cspan title=\u0027原始值：0.481\u0027\u003e0.48\u003c/span\u003e","\u003cspan title=\u0027原始值：0.03894\u0027\u003e0.039\u003c/span\u003e","\u003cspan title=\u0027原始值：564368.5\u0027\u003e564368\u003c/span\u003e"],["安徽省","巢湖流域","靠近大坝","03-30 00:00","1","\u003cspan title=\u0027原始值：19.53\u0027\u003e19.5\u003c/span\u003e","\u003cspan title=\u0027原始值：7.941\u0027\u003e7.94\u003c/span\u003e","\u003cspan title=\u0027原始值：9.3619\u0027\u003e9.36\u003c/span\u003e","\u003cspan title=\u0027原始值：165.78\u0027\u003e165.8\u003c/span\u003e","\u003cspan title=\u0027原始值：6.03\u0027\u003e6.0\u003c/span\u003e","\u003cspan title=\u0027原始值：1.962\u0027\u003e1.96\u003c/span\u003e","\u003cspan title=\u0027原始值：0.0193\u0027\u003e0.019\u003c/span\u003e","\u003cspan title=\u0027原始值：0.0092\u0027\u003e0.009\u003c/span\u003e","\u003cspan title=\u0027原始值：1.178\u0027\u003e1.18\u003c/span\u003e","\u003cspan title=\u0027原始值：0.00123\u0027\u003e0.001\u003c/span\u003e","--"],["安徽省","巢湖流域","新河入湖区","03-30 00:00","2","\u003cspan title=\u0027原始值：16.85\u0027\u003e16.8\u003c/span\u003e","\u003cspan title=\u0027原始值：7.876\u0027\u003e7.88\u003c/span\u003e","\u003cspan title=\u0027原始值：9.428\u0027\u003e9.43\u003c/span\u003e","\u003cspan title=\u0027原始值：450.61\u0027\u003e450.6\u003c/span\u003e","\u003cspan title=\u0027原始值：16.3\u0027\u003e16.3\u003c/span\u003e","\u003cspan title=\u0027原始值：2.887\u0027\u003e2.89\u003c/span\u003e","--","\u003cspan title=\u0027原始值：0.024\u0027\u003e0.024\u003c/span\u003e","\u003cspan title=\u0027原始值：1.637\u0027\u003e1.64\u003c/span\u003e","\u003cspan title=\u0027原始值：0.00329\u0027\u003e0.003\u003c/span\u003e","\u003cspan title=\u0027原始值：2.293539E+07\u0027\u003e22935390\u003c/span\u003e"],["安徽省","巢湖流域","龟山","03-30 00:00","2","\u003cspan title=\u0027原始值：18.21\u0027\u003e18.2\u003c/span\u003e","\u003cspan title=\u0027原始值：7.953\u0027\u003e7.95\u003c/span\u003e","\u003cspan title=\u0027原始值：10.169\u0027\u003e10.17\u003c/span\u003e","\u003cspan title=\u0027原始值：424.44\u0027\u003e424.4\u003c/span\u003e","\u003cspan title=\u0027原始值：13.86\u0027\u003e13.9\u003c/span\u003e","\u003cspan title=\u0027原始值：2.479\u0027\u003e2.48\u003c/span\u003e","--","\u003cspan title=\u0027原始值：0.0245\u0027\u003e0.024\u003c/span\u003e","\u003cspan title=\u0027原始值：1.28\u0027\u003e1.28\u003c/span\u003e","\u003cspan title=\u0027原始值：0.01203\u0027\u003e0.012\u003c/span\u003e","\u003cspan title=\u0027原始值：1350240\u0027\u003e1350240\u003c/span\u003e"],["安徽省","巢湖流域","东半湖湖心","03-30 00:00","2","\u003cspan title=\u0027原始值：18.28\u0027\u003e18.3\u003c/span\u003e","\u003cspan title=\u0027原始值：8.356\u0027\u003e8.36\u003c/span\u003e","\u003cspan title=\u0027原始值：10.424\u0027\u003e10.42\u003c/span\u003e","\u003cspan title=\u0027原始值：432.052\u0027\u003e432.1\u003c/span\u003e","\u003cspan title=\u0027原始值：12.677\u0027\u003e12.7\u003c/span\u003e","\u003cspan title=\u0027原始值：2.65\u0027\u003e2.65\u003c/span\u003e","\u003cspan title=\u0027原始值：0.0035\u0027\u003e0.004\u003c/span\u003e","\u003cspan title=\u0027原始值：0.0169\u0027\u003e0.017\u003c/span\u003e","\u003cspan title=\u0027原始值：1.609\u0027\u003e1.61\u003c/span\u003e","\u003cspan title=\u0027原始值：0.0022\u0027\u003e0.002\u003c/span\u003e","\u003cspan title=\u0027原始值：1194601\u0027\u003e1194601\u003c/span\u003e"],["安徽省","巢湖流域","兆河入湖区","03-30 00:00","3","\u003cspan title=\u0027原始值：17.89\u0027\u003e17.9\u003c/span\u003e","\u003cspan title=\u0027原始值：8.29\u0027\u003e8.29\u003c/span\u003e",