{"result":1,"total":1,"records":1476,"thead":["省份","流域","断面名称","监测时间","水质类别","水温\u003cbr/\u003e\u003cspan class=\u0027unit\u0027\u003e(℃)\u003c/span\u003e","pH\u003cbr/\u003e\u003cspan class=\u0027unit\u0027\u003e(无量纲)\u003c/span\u003e","溶解氧\u003cbr/\u003e\u003cspan class=\u0027unit\u0027\u003e(mg/L)\u003c/span\u003e","电导率\u003cbr/\u003e\u003cspan class=\u0027unit\u0027\u003e(μS/cm)\u003c/span\u003e","浊度\u003cbr/\u003e\u003cspan class=\u0027unit\u0027\u003e(NTU)\u003c/span\u003e","高锰酸盐指数\u003cbr/\u003e\u003cspan class=\u0027unit\u0027\u003e(mg/L)\u003c/span\u003e","氨氮\u003cbr/\u003e\u003cspan class=\u0027unit\u0027\u003e(mg/L)\u003c/span\u003e","总磷\u003cbr/\u003e\u003cspan class=\u0027unit\u0027\u003e(mg/L)\u003c/span\u003e","总氮\u003cbr/\u003e\u003cspan class=\u0027unit\u0027\u003e(mg/L)\u003c/span\u003e","叶绿素α\u003cbr/\u003e\u003cspan class=\u0027unit\u0027\u003e(mg/L)\u003c/span\u003e","藻密度\u003cbr/\u003e\u003cspan class=\u0027unit\u0027\u003e(cells/L)\u003c/span\u003e"],"tbody":[["江苏省","太湖流域","拖山","03-27 00:00","3","\u003cspan title=\u0027原始值：15.31\u0027\u003e15.3\u003c/span\u003e","\u003cspan title=\u0027原始值：8.389\u0027\u003e8.39\u003c/span\u003e","\u003cspan title=\u0027原始值：10.457\u0027\u003e10.46\u003c/span\u003e","\u003cspan title=\u0027原始值：512.39\u0027\u003e512.4\u003c/span\u003e","\u003cspan title=\u0027原始值：31.37\u0027\u003e31.4\u003c/span\u003e","\u003cspan title=\u0027原始值：2.29\u0027\u003e2.29\u003c/span\u003e","--","\u003cspan title=\u0027原始值：0.036\u0027\u003e0.036\u003c/span\u003e","\u003cspan title=\u0027原始值：1.516\u0027\u003e1.52\u003c/span\u003e","\u003cspan title=\u0027原始值：0.01089\u0027\u003e0.011\u003c/span\u003e","\u003cspan title=\u0027原始值：2113505\u0027\u003e2113505\u003c/span\u003e"],["江苏省","太湖流域","五里湖心","03-27 00:00","3","\u003cspan title=\u0027原始值：15.36\u0027\u003e15.4\u003c/span\u003e","\u003cspan title=\u0027原始值：8.4\u0027\u003e8.40\u003c/span\u003e","\u003cspan title=\u0027原始值：11.649\u0027\u003e11.65\u003c/span\u003e","\u003cspan title=\u0027原始值：459.89\u0027\u003e459.9\u003c/span\u003e","\u003cspan title=\u0027原始值：90.99722\u0027\u003e91.0\u003c/span\u003e","\u003cspan title=\u0027原始值：2.59\u0027\u003e2.59\u003c/span\u003e","--","\u003cspan title=\u0027原始值：0.0398\u0027\u003e0.040\u003c/span\u003e","\u003cspan title=\u0027原始值：0.298\u0027\u003e0.30\u003c/span\u003e","\u003cspan title=\u0027原始值：0.01879\u0027\u003e0.019\u003c/span\u003e","\u003cspan title=\u0027原始值：3166667\u0027\u003e3166667\u003c/span\u003e"],["江苏省","太湖流域","乌龟山南","03-27 00:00","3","\u003cspan title=\u0027原始值：14.56\u0027\u003e14.6\u003c/span\u003e","\u003cspan title=\u0027原始值：8.165\u0027\u003e8.16\u003c/span\u003e","\u003cspan title=\u0027原始值：10.095\u0027\u003e10.10\u003c/span\u003e","\u003cspan title=\u0027原始值：507.125\u0027\u003e507.1\u003c/span\u003e","\u003cspan title=\u0027原始值：13.825\u0027\u003e13.8\u003c/span\u003e","\u003cspan title=\u0027原始值：1.96\u0027\u003e1.96\u003c/span\u003e","\u003cspan title=\u0027原始值：0.078\u0027\u003e0.078\u003c/span\u003e","\u003cspan title=\u0027原始值：0.048\u0027\u003e0.048\u003c/span\u003e","\u003cspan title=\u0027原始值：1.905\u0027\u003e1.90\u003c/span\u003e","\u003cspan title=\u0027原始值：0.00095\u0027\u003e0.001\u003c/span\u003e","\u003cspan title=\u0027原始值：409110.9\u0027\u003e409111\u003c/span\u003e"],["安徽省","巢湖流域","黄麓","03-27 00:00","2","\u003cspan title=\u0027原始值：14.01\u0027\u003e14.0\u003c/span\u003e","\u003cspan title=\u0027原始值：8.219\u0027\u003e8.22\u003c/span\u003e","\u003cspan title=\u0027原始值：10.111\u0027\u003e10.11\u003c/span\u003e","\u003cspan title=\u0027原始值：433.03\u0027\u003e433.0\u003c/span\u003e","\u003cspan title=\u0027原始值：18.213\u0027\u003e18.2\u003c/span\u003e","\u003cspan title=\u0027原始值：2.615\u0027\u003e2.62\u003c/span\u003e","--","\u003cspan title=\u0027原始值：0.025\u0027\u003e0.025\u003c/span\u003e","\u003cspan title=\u0027原始值：1.25\u0027\u003e1.25\u003c/span\u003e","\u003cspan title=\u0027原始值：0.00875\u0027\u003e0.009\u003c/span\u003e","\u003cspan title=\u0027原始值：802528.1\u0027\u003e802528\u003c/span\u003e"],["安徽省","巢湖流域","靠近大坝","03-27 00:00","1","\u003cspan title=\u0027原始值：14.55\u0027\u003e14.6\u003c/span\u003e","\u003cspan title=\u0027原始值：7.727\u0027\u003e7.73\u003c/span\u003e","\u003cspan title=\u0027原始值：9.4111\u0027\u003e9.41\u003c/span\u003e","\u003cspan title=\u0027原始值：154.07\u0027\u003e154.1\u003c/span\u003e","\u003cspan title=\u0027原始值：4.32\u0027\u003e4.3\u003c/span\u003e","\u003cspan title=\u0027原始值：1.974\u0027\u003e1.97\u003c/span\u003e","\u003cspan title=\u0027原始值：0.0387\u0027\u003e0.039\u003c/span\u003e","\u003cspan title=\u0027原始值：0.01\u0027\u003e0.010\u003c/span\u003e","\u003cspan title=\u0027原始值：1.028\u0027\u003e1.03\u003c/span\u003e","\u003cspan title=\u0027原始值：0.02899\u0027\u003e0.029\u003c/span\u003e","\u003cspan title=\u0027原始值：748731.6\u0027\u003e748732\u003c/span\u003e"],["安徽省","巢湖流域","新河入湖区","03-27 00:00","3","\u003cspan title=\u0027原始值：14.51\u0027\u003e14.5\u003c/span\u003e","\u003cspan title=\u0027原始值：7.736\u0027\u003e7.74\u003c/span\u003e","\u003cspan title=\u0027原始值：9.266\u0027\u003e9.27\u003c/span\u003e","\u003cspan title=\u0027原始值：446.22\u0027\u003e446.2\u003c/span\u003e","\u003cspan title=\u0027原始值：23.75\u0027\u003e23.8\u003c/span\u003e","\u003cspan title=\u0027原始值：3.155\u0027\u003e3.16\u003c/span\u003e","\u003cspan title=\u0027原始值：0.0063\u0027\u003e0.006\u003c/span\u003e","\u003cspan title=\u0027原始值：0.0434\u0027\u003e0.043\u003c/span\u003e","\u003cspan title=\u0027原始值：1.999\u0027\u003e2.00\u003c/span\u003e","\u003cspan title=\u0027原始值：0.00507\u0027\u003e0.005\u003c/span\u003e","\u003cspan title=\u0027原始值：2.320279E+07\u0027\u003e23202790\u003c/span\u003e"],["安徽省","巢湖流域","龟山","03-27 00:00","3","\u003cspan title=\u0027原始值：15.22\u0027\u003e15.2\u003c/span\u003e","\u003cspan title=\u0027原始值：7.785\u0027\u003e7.78\u003c/span\u003e","\u003cspan title=\u0027原始值：9.878\u0027\u003e9.88\u003c/span\u003e","\u003cspan title=\u0027原始值：426.77\u0027\u003e426.8\u003c/span\u003e","\u003cspan title=\u0027原始值：18.5\u0027\u003e18.5\u003c/span\u003e","\u003cspan title=\u0027原始值：2.496\u0027\u003e2.50\u003c/span\u003e","\u003cspan title=\u0027原始值：0.0008\u0027\u003e0.001\u003c/span\u003e","\u003cspan title=\u0027原始值：0.0279\u0027\u003e0.028\u003c/span\u003e","\u003cspan title=\u0027原始值：1.339\u0027\u003e1.34\u003c/span\u003e","\u003cspan title=\u0027原始值：0.01234\u0027\u003e0.012\u003c/span\u003e","\u003cspan title=\u0027原始值：910897\u0027\u003e910897\u003c/span\u003e"],["安徽省","巢湖流域","兆河入湖区","03-27 00:00","3","\u003cspan title=\u0027原始值：14.05\u0027\u003e14.0\u003c/span\u003e","\u003cspan title=\u0027原始值：8.09\u0027\u003e8.09\u003c/span\u003e","\u003cspan title=\u0027原始值：10\u0027\u003e10.00\u003c/span\u003e","\u003cspan title=\u0027原始值：431.16\u0027\u003e431.2\u003c/span\u003e","\u003cspan title=\u0027原始值：28.55\u0027\u003e28.6\u003c/span\u003e","\u003cspan title=\u0027原始值：2.759\u0027\u003e2.76\u003c/span\u003e","--","\u003cspan title=\u0027原始值：0.0352\u0027\u003e0.035\u003c/span\u003e","\u003cspan title=\u0027原始值：1.113\u0027\u003e1.11\u003c/span\u003e","\u003cspan title=\u0027原始值：0.00746\u0027\u003e0.007\u003c/span\u003e","\u003cspan title=\u0027原始值：1251351\u0027\u003e1251351\u003c/span\u003e"],["安徽省","淮河流域","焦岗湖","03-27 00:00","3","\u003cspan title=\u0027原始值：16.43\u0027\u003e16.4\u003c/span\u003e","\u003cspan title=\u0027原始值：7.963\u0027\u003e7.96\u003c/span\u003e","\u003cspan title=\u0027原始值：9.96\u0027\u003e9.96\u003c/span\u003e","\u003cspan title=\u0027原始值：807.94\u0027\u003e807.9\u003c/span\u003e","\u003cspan title=\u0027原始值：10.09\u0027\u003e10.1\u003c/span\u003e","\u003cspan title=\u0027原始值：5.431\u0027\u003e5.43\u003c/span\u003e","\u003cspan title=\u0027原始值：0.0124\u0027\u003e0.012\u003c/span\u003e","\u003cspan title=\u0027原始值：0.022\u0027\u003e0.022\u003c/span\u003e","\u003cspan title=\u0027原始值：0.709\u0027\u003e0.71\u003c/span\u003e","\u003cspan title=\u0027原始值：0.00641\u0027\u003e0.006\u003c/span\u003e","\u003cspan title=\u0027原始值：1858368\u0027\u003e1858368\u003c/span\u003e"],["湖北省","长江流域","淤泥湖","03-27 00:00","2","\u003cspan 