{"result":1,"total":1,"records":1464,"thead":["省份","流域","断面名称","监测时间","水质类别","水温\u003cbr/\u003e\u003cspan class=\u0027unit\u0027\u003e(℃)\u003c/span\u003e","pH\u003cbr/\u003e\u003cspan class=\u0027unit\u0027\u003e(无量纲)\u003c/span\u003e","溶解氧\u003cbr/\u003e\u003cspan class=\u0027unit\u0027\u003e(mg/L)\u003c/span\u003e","电导率\u003cbr/\u003e\u003cspan class=\u0027unit\u0027\u003e(μS/cm)\u003c/span\u003e","浊度\u003cbr/\u003e\u003cspan class=\u0027unit\u0027\u003e(NTU)\u003c/span\u003e","高锰酸盐指数\u003cbr/\u003e\u003cspan class=\u0027unit\u0027\u003e(mg/L)\u003c/span\u003e","氨氮\u003cbr/\u003e\u003cspan class=\u0027unit\u0027\u003e(mg/L)\u003c/span\u003e","总磷\u003cbr/\u003e\u003cspan class=\u0027unit\u0027\u003e(mg/L)\u003c/span\u003e","总氮\u003cbr/\u003e\u003cspan class=\u0027unit\u0027\u003e(mg/L)\u003c/span\u003e","叶绿素α\u003cbr/\u003e\u003cspan class=\u0027unit\u0027\u003e(mg/L)\u003c/span\u003e","藻密度\u003cbr/\u003e\u003cspan class=\u0027unit\u0027\u003e(cells/L)\u003c/span\u003e"],"tbody":[["江苏省","太湖流域","拖山","04-01 00:00","3","\u003cspan title=\u0027原始值：16.74\u0027\u003e16.7\u003c/span\u003e","\u003cspan title=\u0027原始值：8.381\u0027\u003e8.38\u003c/span\u003e","\u003cspan title=\u0027原始值：9.444\u0027\u003e9.44\u003c/span\u003e","\u003cspan title=\u0027原始值：503.23\u0027\u003e503.2\u003c/span\u003e","\u003cspan title=\u0027原始值：14.14\u0027\u003e14.1\u003c/span\u003e","\u003cspan title=\u0027原始值：2.19\u0027\u003e2.19\u003c/span\u003e","--","\u003cspan title=\u0027原始值：0.035\u0027\u003e0.035\u003c/span\u003e","\u003cspan title=\u0027原始值：1.701\u0027\u003e1.70\u003c/span\u003e","\u003cspan title=\u0027原始值：0.01032\u0027\u003e0.010\u003c/span\u003e","\u003cspan title=\u0027原始值：1429058\u0027\u003e1429058\u003c/span\u003e"],["江苏省","太湖流域","五里湖心","04-01 00:00","3","\u003cspan title=\u0027原始值：17.31\u0027\u003e17.3\u003c/span\u003e","\u003cspan title=\u0027原始值：8.1\u0027\u003e8.10\u003c/span\u003e","\u003cspan title=\u0027原始值：9.787\u0027\u003e9.79\u003c/span\u003e","\u003cspan title=\u0027原始值：461.33\u0027\u003e461.3\u003c/span\u003e","\u003cspan title=\u0027原始值：182.5115\u0027\u003e182.5\u003c/span\u003e","\u003cspan title=\u0027原始值：2.53\u0027\u003e2.53\u003c/span\u003e","--","\u003cspan title=\u0027原始值：0.0372\u0027\u003e0.037\u003c/span\u003e","\u003cspan title=\u0027原始值：0.294\u0027\u003e0.29\u003c/span\u003e","\u003cspan title=\u0027原始值：0.01058\u0027\u003e0.011\u003c/span\u003e","\u003cspan title=\u0027原始值：2792651\u0027\u003e2792651\u003c/span\u003e"],["江苏省","太湖流域","胥湖心","04-01 00:00","2","\u003cspan title=\u0027原始值：17.23\u0027\u003e17.2\u003c/span\u003e","\u003cspan title=\u0027原始值：8\u0027\u003e8.00\u003c/span\u003e","\u003cspan title=\u0027原始值：8.697\u0027\u003e8.70\u003c/span\u003e","\u003cspan title=\u0027原始值：401.349\u0027\u003e401.3\u003c/span\u003e","\u003cspan title=\u0027原始值：23.223\u0027\u003e23.2\u003c/span\u003e","\u003cspan title=\u0027原始值：2.112\u0027\u003e2.11\u003c/span\u003e","\u003cspan title=\u0027原始值：0.0672\u0027\u003e0.067\u003c/span\u003e","\u003cspan title=\u0027原始值：0.0205\u0027\u003e0.020\u003c/span\u003e","\u003cspan title=\u0027原始值：1.189\u0027\u003e1.19\u003c/span\u003e","\u003cspan title=\u0027原始值：0.00468\u0027\u003e0.005\u003c/span\u003e","\u003cspan title=\u0027原始值：963303\u0027\u003e963303\u003c/span\u003e"],["江苏省","太湖流域","乌龟山南","04-01 00:00","3","\u003cspan title=\u0027原始值：16.87\u0027\u003e16.9\u003c/span\u003e","\u003cspan title=\u0027原始值：8.27\u0027\u003e8.27\u003c/span\u003e","\u003cspan title=\u0027原始值：9.607\u0027\u003e9.61\u003c/span\u003e","\u003cspan title=\u0027原始值：461.048\u0027\u003e461.0\u003c/span\u003e","\u003cspan title=\u0027原始值：14.754\u0027\u003e14.8\u003c/span\u003e","\u003cspan title=\u0027原始值：1.82\u0027\u003e1.82\u003c/span\u003e","\u003cspan title=\u0027原始值：0.0254\u0027\u003e0.025\u003c/span\u003e","\u003cspan title=\u0027原始值：0.0441\u0027\u003e0.044\u003c/span\u003e","\u003cspan title=\u0027原始值：1.713\u0027\u003e1.71\u003c/span\u003e","\u003cspan title=\u0027原始值：0.00249\u0027\u003e0.002\u003c/span\u003e","\u003cspan title=\u0027原始值：597593.6\u0027\u003e597594\u003c/span\u003e"],["安徽省","巢湖流域","黄麓","04-01 00:00","2","\u003cspan title=\u0027原始值：15.51\u0027\u003e15.5\u003c/span\u003e","\u003cspan title=\u0027原始值：8.27\u0027\u003e8.27\u003c/span\u003e","\u003cspan title=\u0027原始值：9.663\u0027\u003e9.66\u003c/span\u003e","\u003cspan title=\u0027原始值：413.52\u0027\u003e413.5\u003c/span\u003e","\u003cspan title=\u0027原始值：17.208\u0027\u003e17.2\u003c/span\u003e","\u003cspan title=\u0027原始值：2.446\u0027\u003e2.45\u003c/span\u003e","--","\u003cspan title=\u0027原始值：0.0184\u0027\u003e0.018\u003c/span\u003e","\u003cspan title=\u0027原始值：1.01\u0027\u003e1.01\u003c/span\u003e","--","\u003cspan title=\u0027原始值：772027.9\u0027\u003e772028\u003c/span\u003e"],["安徽省","巢湖流域","靠近大坝","04-01 00:00","2","\u003cspan title=\u0027原始值：16.79\u0027\u003e16.8\u003c/span\u003e","\u003cspan title=\u0027原始值：7.844\u0027\u003e7.84\u003c/span\u003e","\u003cspan title=\u0027原始值：9.0423\u0027\u003e9.04\u003c/span\u003e","\u003cspan title=\u0027原始值：154.28\u0027\u003e154.3\u003c/span\u003e","\u003cspan title=\u0027原始值：2.67\u0027\u003e2.7\u003c/span\u003e","\u003cspan title=\u0027原始值：2\u0027\u003e2.00\u003c/span\u003e","\u003cspan title=\u0027原始值：0.0311\u0027\u003e0.031\u003c/span\u003e","\u003cspan title=\u0027原始值：0.0103\u0027\u003e0.010\u003c/span\u003e","\u003cspan title=\u0027原始值：1.18\u0027\u003e1.18\u003c/span\u003e","\u003cspan title=\u0027原始值：0.00258\u0027\u003e0.003\u003c/span\u003e","\u003cspan title=\u0027原始值：460145.2\u0027\u003e460145\u003c/span\u003e"],["安徽省","巢湖流域","新河入湖区","04-01 00:00","3","\u003cspan title=\u0027原始值：15.14\u0027\u003e15.1\u003c/span\u003e","\u003cspan title=\u0027原始值：7.447\u0027\u003e7.45\u003c/span\u003e","\u003cspan title=\u0027原始值：8.155\u0027\u003e8.16\u003c/span\u003e","\u003cspan title=\u0027原始值：376.79\u0027\u003e376.8\u003c/span\u003e","\u003cspan title=\u0027原始值：42.29\u0027\u003e42.3\u003c/span\u003e","\u003cspan title=\u0027原始值：3.459\u0027\u003e3.46\u003c/span\u003e","\u003cspan title=\u0027原始值：0.0782\u0027\u003e0.078\u003c/span\u003e","\u003cspan title=\u0027原始值：0.0474\u0027\u003e0.047\u003c/span\u003e","\u003cspan title=\u0027原始值：2.886\u0027\u003e2.89\u003c/span\u003e","\u003cspan title=\u0027原始值：0.00871\u0027\u003e0.009\u003c/span\u003e","\u003cspan title=\u0027原始值：8.907901E+07\u0027\u003e89079010\u003c/span\u003e"],["安徽省","巢湖流域","龟山","04-01 00:00","2","\u003cspan title=\u0027原始值：16.45\u0027\u003e16.4\u003c/span\u003e","\u003cspan title=\u0027原始值：7.831\u0027\u003e7.83\u003c/span\u003e","\u003cspan title=\u0027原始值：9.344\u0027\u003e9.34\u003c/span\u003e","\u003cspan title=\u0027原始值：415.41\u0027\u003e415.4\u003c/span\u003e","\u003cspan title=\u0027原始值：25.11\u0027\u003e25.1\u003c/span\u003e","\u003cspan title=\u0027原始值：2.436\u0027\u003e2.44\u003c/span\u003e","--","\u003cspan title=\u0027原始值：0.0231\u0027\u003e0.023\u003c/span\u003e","\u003cspan title=\u0027原始值：1.096\u0027\u003e1.10\u003c/span\u003e","\u003cspan title=\u0027原始值：0.00849\u0027\u003e0.008\u003c/span\u003e","\u003cspan title=\u0027原始值：1878390\u0027\u003e1878390\u003c/span\u003e"],["安徽省","巢湖流域","东半湖湖心","04-01 00:00","2","\u003cspan title=\u0027原始值：15.865\u0027\u003e15.9\u003c/span\u003e","\u003cspan title=\u0027原始值：8.205\u0027\u003e8.20\u003c/span\u003e","\u003cspan title=\u0027原始值：9.547\u0027\u003e9.55\u003c/span\u003e","\u003cspan title=\u0027原始值：437.217\u0027\u003e437.2\u003c/span\u003e","\u003cspan title=\u0027原始值：19.132\u0027\u003e19.1\u003c/span\u003e","\u003cspan title=\u0027原始值：2.84\u0027\u003e2.84\u003c/span\u003e","\u003cspan title=\u0027原始值：0.0353\u0027\u003e0.035\u003c/span\u003e","\u003cspan title=\u0027原始值：0.0243\u0027\u003e0.024\u003c/span\u003e","\u003cspan title=\u0027原始值：1.79\u0027\u003e1.79\u003c/span\u003e","\u003cspan title=\u0027原始值：0.00372\u0027\u003e0.004\u003c/span\u003e","\u003cspan title=\u0027原始值：1578965\u0027\u003e1578965\u003c/span\u003e"],["安徽省","淮河流域","焦岗湖","04-01 00:00","3","\u003cspan title=\u0027原始值：17.16\u0027\u003e17.2\u003c/span\u003e","\u003cspan 