{"result":1,"total":1,"records":1475,"thead":["省份","流域","断面名称","监测时间","水质类别","水温\u003cbr/\u003e\u003cspan class=\u0027unit\u0027\u003e(℃)\u003c/span\u003e","pH\u003cbr/\u003e\u003cspan class=\u0027unit\u0027\u003e(无量纲)\u003c/span\u003e","溶解氧\u003cbr/\u003e\u003cspan class=\u0027unit\u0027\u003e(mg/L)\u003c/span\u003e","电导率\u003cbr/\u003e\u003cspan class=\u0027unit\u0027\u003e(μS/cm)\u003c/span\u003e","浊度\u003cbr/\u003e\u003cspan class=\u0027unit\u0027\u003e(NTU)\u003c/span\u003e","高锰酸盐指数\u003cbr/\u003e\u003cspan class=\u0027unit\u0027\u003e(mg/L)\u003c/span\u003e","氨氮\u003cbr/\u003e\u003cspan class=\u0027unit\u0027\u003e(mg/L)\u003c/span\u003e","总磷\u003cbr/\u003e\u003cspan class=\u0027unit\u0027\u003e(mg/L)\u003c/span\u003e","总氮\u003cbr/\u003e\u003cspan class=\u0027unit\u0027\u003e(mg/L)\u003c/span\u003e","叶绿素α\u003cbr/\u003e\u003cspan class=\u0027unit\u0027\u003e(mg/L)\u003c/span\u003e","藻密度\u003cbr/\u003e\u003cspan class=\u0027unit\u0027\u003e(cells/L)\u003c/span\u003e"],"tbody":[["江苏省","太湖流域","拖山","03-25 00:00","3","\u003cspan title=\u0027原始值：14.37\u0027\u003e14.4\u003c/span\u003e","\u003cspan title=\u0027原始值：8.421\u0027\u003e8.42\u003c/span\u003e","\u003cspan title=\u0027原始值：10.523\u0027\u003e10.52\u003c/span\u003e","\u003cspan title=\u0027原始值：511.35\u0027\u003e511.4\u003c/span\u003e","\u003cspan title=\u0027原始值：17.87\u0027\u003e17.9\u003c/span\u003e","\u003cspan title=\u0027原始值：2.36\u0027\u003e2.36\u003c/span\u003e","--","\u003cspan title=\u0027原始值：0.039\u0027\u003e0.039\u003c/span\u003e","\u003cspan title=\u0027原始值：1.941\u0027\u003e1.94\u003c/span\u003e","\u003cspan title=\u0027原始值：0.02026\u0027\u003e0.020\u003c/span\u003e","\u003cspan title=\u0027原始值：2676238\u0027\u003e2676238\u003c/span\u003e"],["江苏省","太湖流域","五里湖心","03-25 00:00","3","\u003cspan title=\u0027原始值：14.76\u0027\u003e14.8\u003c/span\u003e","\u003cspan title=\u0027原始值：8.2\u0027\u003e8.20\u003c/span\u003e","\u003cspan title=\u0027原始值：10.963\u0027\u003e10.96\u003c/span\u003e","\u003cspan title=\u0027原始值：458.67\u0027\u003e458.7\u003c/span\u003e","\u003cspan title=\u0027原始值：102.3719\u0027\u003e102.4\u003c/span\u003e","\u003cspan title=\u0027原始值：2.49\u0027\u003e2.49\u003c/span\u003e","--","\u003cspan title=\u0027原始值：0.0423\u0027\u003e0.042\u003c/span\u003e","\u003cspan title=\u0027原始值：0.287\u0027\u003e0.29\u003c/span\u003e","\u003cspan title=\u0027原始值：0.01998\u0027\u003e0.020\u003c/span\u003e","\u003cspan title=\u0027原始值：3939633\u0027\u003e3939633\u003c/span\u003e"],["江苏省","太湖流域","乌龟山南","03-25 00:00","4","\u003cspan title=\u0027原始值：14.04\u0027\u003e14.0\u003c/span\u003e","\u003cspan title=\u0027原始值：8.186\u0027\u003e8.19\u003c/span\u003e","\u003cspan title=\u0027原始值：10.243\u0027\u003e10.24\u003c/span\u003e","\u003cspan title=\u0027原始值：495.389\u0027\u003e495.4\u003c/span\u003e","\u003cspan title=\u0027原始值：17.791\u0027\u003e17.8\u003c/span\u003e","\u003cspan title=\u0027原始值：2\u0027\u003e2.00\u003c/span\u003e","\u003cspan title=\u0027原始值：0.0604\u0027\u003e0.060\u003c/span\u003e","\u003cspan title=\u0027原始值：0.0549\u0027\u003e0.055\u003c/span\u003e","\u003cspan title=\u0027原始值：1.71\u0027\u003e1.71\u003c/span\u003e","\u003cspan title=\u0027原始值：0.00136\u0027\u003e0.001\u003c/span\u003e","\u003cspan title=\u0027原始值：710930.6\u0027\u003e710931\u003c/span\u003e"],["安徽省","巢湖流域","黄麓","03-25 00:00","2","\u003cspan title=\u0027原始值：13.54\u0027\u003e13.5\u003c/span\u003e","\u003cspan title=\u0027原始值：8.28\u0027\u003e8.28\u003c/span\u003e","\u003cspan title=\u0027原始值：10.5\u0027\u003e10.50\u003c/span\u003e","\u003cspan title=\u0027原始值：412.72\u0027\u003e412.7\u003c/span\u003e","\u003cspan title=\u0027原始值：17.462\u0027\u003e17.5\u003c/span\u003e","--","--","\u003cspan title=\u0027原始值：0.0213\u0027\u003e0.021\u003c/span\u003e","\u003cspan title=\u0027原始值：1.097\u0027\u003e1.10\u003c/span\u003e","\u003cspan title=\u0027原始值：0.00694\u0027\u003e0.007\u003c/span\u003e","\u003cspan title=\u0027原始值：823241.4\u0027\u003e823241\u003c/span\u003e"],["安徽省","巢湖流域","靠近大坝","03-25 00:00","2","\u003cspan title=\u0027原始值：14.38\u0027\u003e14.4\u003c/span\u003e","\u003cspan title=\u0027原始值：7.769\u0027\u003e7.77\u003c/span\u003e","\u003cspan title=\u0027原始值：9.3765\u0027\u003e9.38\u003c/span\u003e","\u003cspan title=\u0027原始值：168.37\u0027\u003e168.4\u003c/span\u003e","\u003cspan title=\u0027原始值：4.87\u0027\u003e4.9\u003c/span\u003e","\u003cspan title=\u0027原始值：1.787\u0027\u003e1.79\u003c/span\u003e","\u003cspan title=\u0027原始值：0.0365\u0027\u003e0.036\u003c/span\u003e","\u003cspan title=\u0027原始值：0.0104\u0027\u003e0.010\u003c/span\u003e","\u003cspan title=\u0027原始值：0.968\u0027\u003e0.97\u003c/span\u003e","\u003cspan title=\u0027原始值：0.00324\u0027\u003e0.003\u003c/span\u003e","\u003cspan title=\u0027原始值：51426.54\u0027\u003e51427\u003c/span\u003e"],["安徽省","巢湖流域","新河入湖区","03-25 00:00","4","\u003cspan title=\u0027原始值：13.73\u0027\u003e13.7\u003c/span\u003e","\u003cspan title=\u0027原始值：7.291\u0027\u003e7.29\u003c/span\u003e","\u003cspan title=\u0027原始值：8.995\u0027\u003e9.00\u003c/span\u003e","\u003cspan title=\u0027原始值：363.56\u0027\u003e363.6\u003c/span\u003e","\u003cspan title=\u0027原始值：49.27\u0027\u003e49.3\u003c/span\u003e","\u003cspan title=\u0027原始值：4.324\u0027\u003e4.32\u003c/span\u003e","\u003cspan title=\u0027原始值：0.507\u0027\u003e0.507\u003c/span\u003e","\u003cspan title=\u0027原始值：0.0561\u0027\u003e0.056\u003c/span\u003e","\u003cspan title=\u0027原始值：3.995\u0027\u003e4.00\u003c/span\u003e","\u003cspan title=\u0027原始值：0.00548\u0027\u003e0.005\u003c/span\u003e","\u003cspan title=\u0027原始值：1.815159E+07\u0027\u003e18151590\u003c/span\u003e"],["安徽省","巢湖流域","龟山","03-25 00:00","3","\u003cspan title=\u0027原始值：14.37\u0027\u003e14.4\u003c/span\u003e","\u003cspan title=\u0027原始值：7.725\u0027\u003e7.72\u003c/span\u003e","\u003cspan title=\u0027原始值：9.867\u0027\u003e9.87\u003c/span\u003e","\u003cspan title=\u0027原始值：419.28\u0027\u003e419.3\u003c/span\u003e","\u003cspan title=\u0027原始值：21.67\u0027\u003e21.7\u003c/span\u003e","\u003cspan title=\u0027原始值：2.397\u0027\u003e2.40\u003c/span\u003e","--","\u003cspan title=\u0027原始值：0.0304\u0027\u003e0.030\u003c/span\u003e","\u003cspan title=\u0027原始值：1.345\u0027\u003e1.34\u003c/span\u003e","\u003cspan title=\u0027原始值：0.00889\u0027\u003e0.009\u003c/span\u003e","\u003cspan title=\u0027原始值：993921\u0027\u003e993921\u003c/span\u003e"],["安徽省","巢湖流域","兆河入湖区","03-25 00:00","3","\u003cspan title=\u0027原始值：13.41\u0027\u003e13.4\u003c/span\u003e","\u003cspan title=\u0027原始值：8.15\u0027\u003e8.15\u003c/span\u003e","\u003cspan title=\u0027原始值：10.16\u0027\u003e10.16\u003c/span\u003e","\u003cspan title=\u0027原始值：457.78\u0027\u003e457.8\u003c/span\u003e","\u003cspan title=\u0027原始值：30.32\u0027\u003e30.3\u003c/span\u003e","\u003cspan title=\u0027原始值：2.827\u0027\u003e2.83\u003c/span\u003e","--","\u003cspan title=\u0027原始值：0.0342\u0027\u003e0.034\u003c/span\u003e","\u003cspan title=\u0027原始值：1.323\u0027\u003e1.32\u003c/span\u003e","\u003cspan title=\u0027原始值：0.00921\u0027\u003e0.009\u003c/span\u003e","\u003cspan title=\u0027原始值：1416234\u0027\u003e1416234\u003c/span\u003e"],["安徽省","淮河流域","焦岗湖","03-25 00:00","3","\u003cspan title=\u0027原始值：16.09\u0027\u003e16.1\u003c/span\u003e","\u003cspan title=\u0027原始值：7.899\u0027\u003e7.90\u003c/span\u003e","\u003cspan title=\u0027原始值：9.736\u0027\u003e9.74\u003c/span\u003e","\u003cspan title=\u0027原始值：807.25\u0027\u003e807.2\u003c/span\u003e","\u003cspan title=\u0027原始值：6.29\u0027\u003e6.3\u003c/span\u003e","\u003cspan title=\u0027原始值：5.474\u0027\u003e5.47\u003c/span\u003e","\u003cspan title=\u0027原始值：0.0179\u0027\u003e0.018\u003c/span\u003e","\u003cspan title=\u0027原始值：0.0221\u0027\u003e0.022\u003c/span\u003e","\u003cspan title=\u0027原始值：0.731\u0027\u003e0.73\u003c/span\u003e","\u003cspan title=\u0027原始值：0.01588\u0027\u003e0.016\u003c/span\u003e","\u003cspan title=\u0027原始值：1951092\u0027\u003e1951092\u003c/span\u003e"],["湖北省","长江流域","淤泥湖","03-25 00:00","2","\u003cspan title=\u0027原始值：14.7\u0027\u003e14.7\u003c/span\u003e","\u003cspan title=\u0027原始值：8.17\u0027\u003e8.17\u003c/span\u003e",